metric,avg_sse
euclidean,25374033350.828983
cosine,686.5867162060756
jaccard,4029.365799393833
