model,MAE,RMSE
PMF,0.689690062477353,0.8959826822841432
User-CF,0.7078296579482152,0.9238895452799593
Item-CF,0.7108956392409123,0.9276991575007918
