metric,best_model,value
RMSE,PMF,0.8959826822841432
MAE,PMF,0.689690062477353
